day,day_start,baseline,threshold_value,n_events,median_duration_min,iqr_duration_min
2020-09-09,2020-09-09 00:00:00-06:00,10.0,15.0,1,22.0,0.0
2020-09-15,2020-09-15 00:00:00-06:00,10.0,15.0,1,38.0,0.0
2020-09-17,2020-09-17 00:00:00-06:00,10.0,15.0,2,24.525,4.525000000000002
2020-10-03,2020-10-03 00:00:00-06:00,10.0,15.0,2,7.9833333333333325,5.999999999999999
2020-10-04,2020-10-04 00:00:00-06:00,10.82977777777778,16.24466666666667,4,6.0,15.5
2020-10-05,2020-10-05 00:00:00-06:00,13.463444444444445,20.195166666666665,1,682.0,0.0
2020-10-06,2020-10-06 00:00:00-06:00,51.07388888888889,76.61083333333333,0,,
2020-10-07,2020-10-07 00:00:00-06:00,49.194111111111106,73.79116666666665,5,28.0,51.9
2020-10-08,2020-10-08 00:00:00-06:00,75.57322222222223,113.35983333333334,0,,
2020-10-09,2020-10-09 00:00:00-06:00,53.312888888888885,79.96933333333332,0,,
2020-10-10,2020-10-10 00:00:00-06:00,10.0,15.0,1,2.0,0.0
2020-10-11,2020-10-11 00:00:00-06:00,10.0,15.0,0,,
2020-10-12,2020-10-12 00:00:00-06:00,10.0,15.0,3,6.0,3.0
2020-10-13,2020-10-13 00:00:00-06:00,10.0,15.0,0,,
2020-10-14,2020-10-14 00:00:00-06:00,10.0,15.0,1,14.0,0.0
2020-10-15,2020-10-15 00:00:00-06:00,10.0,15.0,1,28.0,0.0
2020-10-16,2020-10-16 00:00:00-06:00,10.0,15.0,0,,
2020-10-17,2020-10-17 00:00:00-06:00,10.0,15.0,0,,
2020-10-18,2020-10-18 00:00:00-06:00,10.0,15.0,2,1.9916666666666667,0.008333333333333304
2020-10-19,2020-10-19 00:00:00-06:00,10.0,15.0,0,,
2020-10-20,2020-10-20 00:00:00-06:00,10.0,15.0,1,2.0,0.0
2020-10-21,2020-10-21 00:00:00-06:00,10.0,15.0,0,,
2020-10-22,2020-10-22 00:00:00-06:00,10.0,15.0,0,,
2020-10-23,2020-10-23 00:00:00-06:00,10.0,15.0,2,3.9916666666666667,1.9916666666666663
2020-10-24,2020-10-24 00:00:00-06:00,10.0,15.0,1,4.0,0.0
2020-10-25,2020-10-25 00:00:00-06:00,10.674666666666667,16.012,1,52.0,0.0
2020-10-26,2020-10-26 00:00:00-06:00,10.0,15.0,1,2.0,0.0
2020-10-27,2020-10-27 00:00:00-06:00,10.0,15.0,0,,
2020-10-28,2020-10-28 00:00:00-06:00,10.0,15.0,3,2.0,300.0
2020-10-29,2020-10-29 00:00:00-06:00,19.68811111111111,29.53216666666666,10,10.0,12.504166666666666
2020-10-30,2020-10-30 00:00:00-06:00,30.78933333333333,46.184,0,,
2020-10-31,2020-10-31 00:00:00-06:00,18.538888888888888,27.80833333333333,3,4.0,212.0
2020-11-01,2020-11-01 00:00:00-06:00,36.44733333333333,54.671,0,,
2020-11-02,2020-11-02 00:00:00-07:00,31.225,46.837500000000006,0,,
2020-11-03,2020-11-03 00:00:00-07:00,17.094666666666665,25.641999999999996,0,,
2020-11-04,2020-11-04 00:00:00-07:00,10.0,15.0,1,2.0,0.0
2020-11-05,2020-11-05 00:00:00-07:00,10.0,15.0,0,,
2020-11-06,2020-11-06 00:00:00-07:00,10.0,15.0,0,,
2020-11-07,2020-11-07 00:00:00-07:00,10.0,15.0,7,10.0,10.983333333333334
2020-11-08,2020-11-08 00:00:00-07:00,10.0,15.0,6,5.0,13.5
2020-11-09,2020-11-09 00:00:00-07:00,10.0,15.0,3,6.0,7.0
2020-11-10,2020-11-10 00:00:00-07:00,10.0,15.0,3,8.0,9.0
2020-11-11,2020-11-11 00:00:00-07:00,10.0,15.0,7,4.0,2.0
2020-11-12,2020-11-12 00:00:00-07:00,10.0,15.0,14,6.0,9.0
2020-11-13,2020-11-13 00:00:00-07:00,10.0,15.0,7,8.0,8.0
2020-11-14,2020-11-14 00:00:00-07:00,10.0,15.0,4,6.008333333333333,6.9875
2020-11-15,2020-11-15 00:00:00-07:00,10.0,15.0,8,6.0,4.504166666666666
2020-11-16,2020-11-16 00:00:00-07:00,10.0,15.0,16,2.0,19.0
2020-11-17,2020-11-17 00:00:00-07:00,17.08722222222222,25.630833333333328,2,11.033333333333333,3.033333333333335
2020-11-18,2020-11-18 00:00:00-07:00,10.0,15.0,1,4.0,0.0
2020-11-19,2020-11-19 00:00:00-07:00,10.0,15.0,4,10.0,12.0
2020-11-20,2020-11-20 00:00:00-07:00,10.0,15.0,6,17.0,12.5
2020-11-21,2020-11-21 00:00:00-07:00,10.0,15.0,16,9.0,12.0
2020-11-22,2020-11-22 00:00:00-07:00,10.0,15.0,5,20.0,58.0
2020-11-23,2020-11-23 00:00:00-07:00,16.996555555555553,25.49483333333333,0,,
2020-11-24,2020-11-24 00:00:00-07:00,10.0,15.0,12,4.008333333333333,4.504166666666666
2020-11-25,2020-11-25 00:00:00-07:00,15.779666666666666,23.6695,13,4.0,14.0
2020-11-26,2020-11-26 00:00:00-07:00,10.0,15.0,2,4.0,0.0
2020-11-27,2020-11-27 00:00:00-07:00,10.0,15.0,2,4.0,0.0
2020-11-28,2020-11-28 00:00:00-07:00,10.0,15.0,24,2.0,4.0
2020-11-29,2020-11-29 00:00:00-07:00,13.87088888888889,20.806333333333335,11,6.0,6.991666666666667
2020-11-30,2020-11-30 00:00:00-07:00,13.117777777777778,19.67666666666667,7,2.0,0.0
2020-12-01,2020-12-01 00:00:00-07:00,10.0,15.0,3,16.0,13.0
2020-12-02,2020-12-02 00:00:00-07:00,10.0,15.0,9,4.0,10.0
2020-12-03,2020-12-03 00:00:00-07:00,10.0,15.0,13,4.0,6.0
2020-12-04,2020-12-04 00:00:00-07:00,31.628444444444444,47.44266666666667,0,,
2020-12-05,2020-12-05 00:00:00-07:00,14.634555555555554,21.951833333333333,14,6.0,6.0
2020-12-06,2020-12-06 00:00:00-07:00,32.49177777777778,48.73766666666667,2,3.0,1.0
2020-12-07,2020-12-07 00:00:00-07:00,10.0,15.0,0,,
2020-12-08,2020-12-08 00:00:00-07:00,10.0,15.0,4,3.0,2.5
2020-12-09,2020-12-09 00:00:00-07:00,10.0,15.0,4,19.0,217.00416666666666
2020-12-10,2020-12-10 00:00:00-07:00,10.525617977528091,15.788426966292135,8,7.0,18.5
2020-12-11,2020-12-11 00:00:00-07:00,10.0,15.0,8,3.0083333333333333,6.995833333333334
2020-12-12,2020-12-12 00:00:00-07:00,12.396333333333335,18.594500000000004,13,3.9833333333333334,10.0
2020-12-13,2020-12-13 00:00:00-07:00,10.0,15.0,18,2.0,2.0
2020-12-14,2020-12-14 00:00:00-07:00,10.0,15.0,5,6.0,4.0
2020-12-15,2020-12-15 00:00:00-07:00,10.0,15.0,16,5.008333333333333,10.0
2020-12-16,2020-12-16 00:00:00-07:00,11.350666666666665,17.025999999999996,2,421.9916666666667,393.9916666666666
2020-12-17,2020-12-17 00:00:00-07:00,38.611222222222224,57.91683333333334,1,48.0,0.0
2020-12-18,2020-12-18 00:00:00-07:00,10.0,15.0,9,4.0,4.0
2020-12-19,2020-12-19 00:00:00-07:00,10.0,15.0,9,10.0,14.0
2020-12-20,2020-12-20 00:00:00-07:00,21.94888888888889,32.92333333333334,14,7.0,8.5
2020-12-21,2020-12-21 00:00:00-07:00,27.336777777777783,41.005166666666675,35,4.0,9.0
2020-12-22,2020-12-22 00:00:00-07:00,10.0,15.0,19,4.0,6.008333333333333
2020-12-23,2020-12-23 00:00:00-07:00,12.077777777777778,18.116666666666667,5,6.0,6.0
2020-12-24,2020-12-24 00:00:00-07:00,30.28144444444444,45.422166666666655,24,5.008333333333333,11.5
2020-12-25,2020-12-25 00:00:00-07:00,36.33544444444445,54.50316666666667,11,2.0,17.0
2020-12-26,2020-12-26 00:00:00-07:00,10.0,15.0,8,6.0,12.5
2020-12-27,2020-12-27 00:00:00-07:00,10.0,15.0,21,6.0,10.0
2020-12-28,2020-12-28 00:00:00-07:00,10.0,15.0,6,2.0,1.5
2020-12-29,2020-12-29 00:00:00-07:00,10.0,15.0,8,6.0,3.0
2020-12-30,2020-12-30 00:00:00-07:00,10.0,15.0,1,4.0,0.0
2020-12-31,2020-12-31 00:00:00-07:00,10.0,15.0,7,4.0,7.008333333333333
2021-01-01,2021-01-01 00:00:00-07:00,10.0,15.0,14,7.0,11.504166666666666
2021-01-02,2021-01-02 00:00:00-07:00,10.995888888888889,16.493833333333335,6,12.016666666666667,32.483333333333334
2021-01-03,2021-01-03 00:00:00-07:00,22.512444444444444,33.76866666666667,14,3.0,4.0
2021-01-04,2021-01-04 00:00:00-07:00,24.089111111111116,36.13366666666667,0,,
2021-01-05,2021-01-05 00:00:00-07:00,10.0,15.0,4,5.008333333333333,1.9874999999999998
2021-01-06,2021-01-06 00:00:00-07:00,10.0,15.0,8,14.0,20.5
2021-01-07,2021-01-07 00:00:00-07:00,10.0,15.0,18,4.0,7.5
2021-01-08,2021-01-08 00:00:00-07:00,10.725333333333333,16.088,21,4.0,12.0
2021-01-09,2021-01-09 00:00:00-07:00,21.020555555555553,31.53083333333333,6,4.991666666666667,5.004166666666666
2021-01-10,2021-01-10 00:00:00-07:00,10.0,15.0,8,13.0,58.49583333333333
2021-01-11,2021-01-11 00:00:00-07:00,30.94144444444444,46.41216666666666,3,2.0,2.0
2021-01-12,2021-01-12 00:00:00-07:00,10.33311111111111,15.499666666666666,2,475.0,473.0
2021-01-13,2021-01-13 00:00:00-07:00,25.15544444444445,37.733166666666676,7,4.0,2.0
2021-01-14,2021-01-14 00:00:00-07:00,23.235555555555553,34.85333333333333,5,2.0,2.0
2021-01-15,2021-01-15 00:00:00-07:00,10.0,15.0,13,6.0,6.0
2021-01-16,2021-01-16 00:00:00-07:00,18.029555555555557,27.044333333333334,3,2.0,3.0
2021-01-17,2021-01-17 00:00:00-07:00,10.0,15.0,6,8.0,7.0
2021-01-18,2021-01-18 00:00:00-07:00,10.0,15.0,2,2.0,0.0
2021-01-19,2021-01-19 00:00:00-07:00,10.0,15.0,0,,
2021-01-20,2021-01-20 00:00:00-07:00,10.0,15.0,3,10.0,1.0
2021-01-21,2021-01-21 00:00:00-07:00,10.0,15.0,10,3.0,3.5
2021-01-22,2021-01-22 00:00:00-07:00,10.0,15.0,13,4.0,4.0
2021-01-23,2021-01-23 00:00:00-07:00,10.0,15.0,10,4.0,22.0
2021-01-24,2021-01-24 00:00:00-07:00,10.382777777777779,15.574166666666668,15,4.0,7.008333333333333
2021-01-25,2021-01-25 00:00:00-07:00,10.0,15.0,0,,
2021-01-26,2021-01-26 00:00:00-07:00,10.0,15.0,10,3.0,2.0
2021-01-27,2021-01-27 00:00:00-07:00,10.0,15.0,5,2.0,0.0
2021-01-28,2021-01-28 00:00:00-07:00,10.0,15.0,6,5.0,3.5
2021-01-29,2021-01-29 00:00:00-07:00,12.878555555555554,19.317833333333333,3,10.0,10.0
2021-01-30,2021-01-30 00:00:00-07:00,10.0,15.0,5,4.0,0.0
2021-01-31,2021-01-31 00:00:00-07:00,10.0,15.0,7,4.0,7.0
2021-02-01,2021-02-01 00:00:00-07:00,10.0,15.0,0,,
2021-02-02,2021-02-02 00:00:00-07:00,10.0,15.0,0,,
2021-02-03,2021-02-03 00:00:00-07:00,10.0,15.0,9,4.016666666666667,4.0
2021-02-04,2021-02-04 00:00:00-07:00,10.0,15.0,6,8.0,7.0
2021-02-05,2021-02-05 00:00:00-07:00,10.0,15.0,3,6.0,3.0
2021-02-06,2021-02-06 00:00:00-07:00,10.0,15.0,3,18.0,9.0
2021-02-07,2021-02-07 00:00:00-07:00,10.0,15.0,11,4.0,15.0
2021-02-08,2021-02-08 00:00:00-07:00,10.0,15.0,34,5.991666666666667,6.0
2021-02-09,2021-02-09 00:00:00-07:00,11.977613636363639,17.966420454545457,6,2.0,0.0
2021-02-10,2021-02-10 00:00:00-07:00,10.0,15.0,5,4.0,2.0
2021-02-11,2021-02-11 00:00:00-07:00,10.0,15.0,15,4.6,9.708333333333332
2021-02-12,2021-02-12 00:00:00-07:00,10.0,15.0,0,,
2021-02-13,2021-02-13 00:00:00-07:00,10.0,15.0,2,6.691666666666666,0.6916666666666673
2021-02-14,2021-02-14 00:00:00-07:00,10.0,15.0,11,4.6,6.308333333333334
2021-02-15,2021-02-15 00:00:00-07:00,10.0,15.0,0,,
2021-02-16,2021-02-16 00:00:00-07:00,10.0,15.0,5,4.0,6.0
2021-02-17,2021-02-17 00:00:00-07:00,10.0,15.0,7,4.0,5.0
2021-02-18,2021-02-18 00:00:00-07:00,10.0,15.0,11,8.0,7.0
2021-02-19,2021-02-19 00:00:00-07:00,10.0,15.0,4,2.0,3.0
2021-02-20,2021-02-20 00:00:00-07:00,10.0,15.0,2,6.0,4.0
2021-02-21,2021-02-21 00:00:00-07:00,10.0,15.0,8,5.0,5.004166666666666
2021-02-22,2021-02-22 00:00:00-07:00,10.0,15.0,2,4.0,2.0
2021-02-23,2021-02-23 00:00:00-07:00,10.0,15.0,1,2.0,0.0
2021-02-24,2021-02-24 00:00:00-07:00,10.0,15.0,0,,
2021-02-25,2021-02-25 00:00:00-07:00,10.0,15.0,3,4.0,1.0
2021-02-26,2021-02-26 00:00:00-07:00,10.0,15.0,1,4.0,0.0
2021-02-27,2021-02-27 00:00:00-07:00,10.0,15.0,2,2.0,0.0
2021-02-28,2021-02-28 00:00:00-07:00,10.0,15.0,3,2.0,8.0
2021-03-01,2021-03-01 00:00:00-07:00,10.0,15.0,5,5.933333333333334,4.0
2021-03-02,2021-03-02 00:00:00-07:00,10.0,15.0,5,4.0,6.0
2021-03-03,2021-03-03 00:00:00-07:00,10.0,15.0,2,3.0,1.0
2021-03-04,2021-03-04 00:00:00-07:00,10.0,15.0,3,2.0,17.0
2021-03-05,2021-03-05 00:00:00-07:00,10.0,15.0,6,2.0,1.5
2021-03-06,2021-03-06 00:00:00-07:00,10.0,15.0,5,2.0,2.0
2021-03-07,2021-03-07 00:00:00-07:00,10.0,15.0,3,6.0,2.0
2021-03-08,2021-03-08 00:00:00-07:00,10.0,15.0,5,10.0,24.0
2021-03-09,2021-03-09 00:00:00-07:00,10.0,15.0,1,4.0,0.0
2021-03-10,2021-03-10 00:00:00-07:00,10.0,15.0,8,5.0,4.0
2021-03-11,2021-03-11 00:00:00-07:00,10.0,15.0,10,8.0,6.991666666666667
2021-03-12,2021-03-12 00:00:00-07:00,10.0,15.0,4,9.025,5.037500000000001
2021-03-13,2021-03-13 00:00:00-07:00,10.0,15.0,8,2.0,0.5
2021-03-14,2021-03-14 00:00:00-07:00,13.755777777777775,20.633666666666663,4,4.0,9.504166666666666
2021-03-15,2021-03-15 00:00:00-06:00,10.0,15.0,1,2.0,0.0
2021-03-16,2021-03-16 00:00:00-06:00,10.0,15.0,3,6.0,15.0
2021-03-17,2021-03-17 00:00:00-06:00,10.0,15.0,1,2.0,0.0
2021-03-18,2021-03-18 00:00:00-06:00,10.0,15.0,3,2.0,2.0
2021-03-19,2021-03-19 00:00:00-06:00,10.0,15.0,1,2.0,0.0
2021-03-20,2021-03-20 00:00:00-06:00,10.0,15.0,6,3.0,2.0
2021-03-21,2021-03-21 00:00:00-06:00,10.0,15.0,1,2.0,0.0
2021-03-22,2021-03-22 00:00:00-06:00,10.0,15.0,1,20.0,0.0
2021-03-23,2021-03-23 00:00:00-06:00,10.0,15.0,0,,
2021-03-24,2021-03-24 00:00:00-06:00,10.0,15.0,0,,
2021-03-25,2021-03-25 00:00:00-06:00,10.0,15.0,1,4.0,0.0
2021-03-26,2021-03-26 00:00:00-06:00,10.0,15.0,0,,
2021-03-27,2021-03-27 00:00:00-06:00,10.0,15.0,0,,
2021-03-28,2021-03-28 00:00:00-06:00,10.0,15.0,1,2.0,0.0
2021-03-29,2021-03-29 00:00:00-06:00,10.0,15.0,1,2.0,0.0
2021-03-30,2021-03-30 00:00:00-06:00,10.0,15.0,0,,
2021-03-31,2021-03-31 00:00:00-06:00,10.0,15.0,0,,
2021-04-01,2021-04-01 00:00:00-06:00,10.0,15.0,2,4.0,2.0
2021-04-02,2021-04-02 00:00:00-06:00,10.0,15.0,0,,
2021-04-03,2021-04-03 00:00:00-06:00,10.0,15.0,0,,
2021-04-04,2021-04-04 00:00:00-06:00,10.750555555555556,16.125833333333333,1,8.0,0.0
2021-04-05,2021-04-05 00:00:00-06:00,10.0,15.0,1,2.0,0.0
2021-04-06,2021-04-06 00:00:00-06:00,10.0,15.0,0,,
2021-04-07,2021-04-07 00:00:00-06:00,10.0,15.0,1,4.0,0.0
2021-04-08,2021-04-08 00:00:00-06:00,10.0,15.0,0,,
2021-04-09,2021-04-09 00:00:00-06:00,10.0,15.0,1,2.0,0.0
2021-04-10,2021-04-10 00:00:00-06:00,10.0,15.0,0,,
2021-04-11,2021-04-11 00:00:00-06:00,10.0,15.0,1,2.0,0.0
2021-04-12,2021-04-12 00:00:00-06:00,10.0,15.0,0,,
2021-04-13,2021-04-13 00:00:00-06:00,10.0,15.0,0,,
2021-04-14,2021-04-14 00:00:00-06:00,10.0,15.0,0,,
2021-04-15,2021-04-15 00:00:00-06:00,10.0,15.0,0,,
2021-04-16,2021-04-16 00:00:00-06:00,12.011888888888889,18.017833333333332,0,,
2021-04-17,2021-04-17 00:00:00-06:00,10.0,15.0,6,4.0,11.5
2021-04-18,2021-04-18 00:00:00-06:00,10.0,15.0,0,,
2021-04-19,2021-04-19 00:00:00-06:00,10.0,15.0,0,,
2021-04-20,2021-04-20 00:00:00-06:00,10.0,15.0,5,2.0,2.0
2021-04-21,2021-04-21 00:00:00-06:00,15.457333333333331,23.185999999999996,0,,
2021-04-22,2021-04-22 00:00:00-06:00,16.52488888888889,24.787333333333333,0,,
2021-04-23,2021-04-23 00:00:00-06:00,11.569222222222223,17.353833333333334,0,,
2021-04-24,2021-04-24 00:00:00-06:00,10.0,15.0,0,,
2021-04-25,2021-04-25 00:00:00-06:00,10.0,15.0,2,6.008333333333333,0.008333333333333748
2021-04-26,2021-04-26 00:00:00-06:00,10.0,15.0,0,,
2021-04-27,2021-04-27 00:00:00-06:00,10.0,15.0,0,,
2021-04-28,2021-04-28 00:00:00-06:00,10.0,15.0,0,,
2021-04-29,2021-04-29 00:00:00-06:00,10.0,15.0,0,,
2021-04-30,2021-04-30 00:00:00-06:00,10.0,15.0,0,,
2021-05-01,2021-05-01 00:00:00-06:00,10.0,15.0,0,,
2021-05-02,2021-05-02 00:00:00-06:00,10.0,15.0,0,,
2021-05-03,2021-05-03 00:00:00-06:00,10.0,15.0,0,,
2021-05-04,2021-05-04 00:00:00-06:00,10.0,15.0,1,2.0,0.0
2021-05-05,2021-05-05 00:00:00-06:00,10.0,15.0,0,,
2021-05-06,2021-05-06 00:00:00-06:00,10.0,15.0,0,,
2021-05-07,2021-05-07 00:00:00-06:00,10.0,15.0,0,,
2021-05-08,2021-05-08 00:00:00-06:00,10.0,15.0,0,,
2021-05-09,2021-05-09 00:00:00-06:00,10.0,15.0,0,,
2021-05-10,2021-05-10 00:00:00-06:00,10.0,15.0,0,,
2021-05-11,2021-05-11 00:00:00-06:00,10.0,15.0,0,,
2021-05-12,2021-05-12 00:00:00-06:00,10.0,15.0,0,,
2021-05-13,2021-05-13 00:00:00-06:00,10.0,15.0,0,,
2021-05-14,2021-05-14 00:00:00-06:00,10.0,15.0,0,,
2021-05-15,2021-05-15 00:00:00-06:00,11.634777777777776,17.452166666666663,0,,
2021-05-16,2021-05-16 00:00:00-06:00,10.09488888888889,15.142333333333337,0,,
2021-05-17,2021-05-17 00:00:00-06:00,10.0,15.0,0,,
2021-05-18,2021-05-18 00:00:00-06:00,10.0,15.0,0,,
2021-05-19,2021-05-19 00:00:00-06:00,10.0,15.0,0,,
2021-05-20,2021-05-20 00:00:00-06:00,10.0,15.0,0,,
2021-05-21,2021-05-21 00:00:00-06:00,10.0,15.0,0,,
2021-05-22,2021-05-22 00:00:00-06:00,10.0,15.0,0,,
2021-05-23,2021-05-23 00:00:00-06:00,10.697222222222223,16.045833333333334,0,,
2021-05-24,2021-05-24 00:00:00-06:00,10.0,15.0,0,,
2021-05-25,2021-05-25 00:00:00-06:00,10.0,15.0,0,,
2021-05-26,2021-05-26 00:00:00-06:00,10.0,15.0,0,,
2021-05-27,2021-05-27 00:00:00-06:00,10.0,15.0,0,,
2021-05-28,2021-05-28 00:00:00-06:00,10.0,15.0,0,,
2021-05-29,2021-05-29 00:00:00-06:00,10.0,15.0,1,2.0,0.0
2021-05-30,2021-05-30 00:00:00-06:00,10.0,15.0,0,,
2021-05-31,2021-05-31 00:00:00-06:00,10.567,15.8505,0,,
2021-06-01,2021-06-01 00:00:00-06:00,10.0,15.0,0,,
2021-06-02,2021-06-02 00:00:00-06:00,10.0,15.0,0,,
2021-06-03,2021-06-03 00:00:00-06:00,10.0,15.0,0,,
2021-06-04,2021-06-04 00:00:00-06:00,10.0,15.0,0,,
2021-06-05,2021-06-05 00:00:00-06:00,10.0,15.0,0,,
2021-06-06,2021-06-06 00:00:00-06:00,10.0,15.0,0,,
2021-06-07,2021-06-07 00:00:00-06:00,10.0,15.0,0,,
2021-06-08,2021-06-08 00:00:00-06:00,10.0,15.0,0,,
2021-06-09,2021-06-09 00:00:00-06:00,10.0,15.0,0,,
2021-06-10,2021-06-10 00:00:00-06:00,10.0,15.0,0,,
2021-06-11,2021-06-11 00:00:00-06:00,10.0,15.0,0,,
2021-06-12,2021-06-12 00:00:00-06:00,10.0,15.0,0,,
2021-06-13,2021-06-13 00:00:00-06:00,10.0,15.0,0,,
2021-06-14,2021-06-14 00:00:00-06:00,10.0,15.0,0,,
2021-06-15,2021-06-15 00:00:00-06:00,10.0,15.0,0,,
2021-06-16,2021-06-16 00:00:00-06:00,10.0,15.0,0,,
2021-06-17,2021-06-17 00:00:00-06:00,10.0,15.0,0,,
2021-06-18,2021-06-18 00:00:00-06:00,10.0,15.0,0,,
2021-06-19,2021-06-19 00:00:00-06:00,10.0,15.0,0,,
2021-06-20,2021-06-20 00:00:00-06:00,10.0,15.0,0,,
2021-06-21,2021-06-21 00:00:00-06:00,10.0,15.0,0,,
2021-06-22,2021-06-22 00:00:00-06:00,10.0,15.0,0,,
2021-06-23,2021-06-23 00:00:00-06:00,10.0,15.0,0,,
2021-06-24,2021-06-24 00:00:00-06:00,10.0,15.0,0,,
2021-06-25,2021-06-25 00:00:00-06:00,10.0,15.0,0,,
2021-06-26,2021-06-26 00:00:00-06:00,10.0,15.0,0,,
2021-06-27,2021-06-27 00:00:00-06:00,10.0,15.0,0,,
2021-06-28,2021-06-28 00:00:00-06:00,10.0,15.0,0,,
2021-06-29,2021-06-29 00:00:00-06:00,10.0,15.0,0,,
2021-06-30,2021-06-30 00:00:00-06:00,10.0,15.0,0,,
2021-07-01,2021-07-01 00:00:00-06:00,10.0,15.0,0,,
2021-07-02,2021-07-02 00:00:00-06:00,10.0,15.0,0,,
2021-07-03,2021-07-03 00:00:00-06:00,10.0,15.0,0,,
2021-07-04,2021-07-04 00:00:00-06:00,10.0,15.0,0,,
2021-07-05,2021-07-05 00:00:00-06:00,12.605444444444444,18.908166666666666,1,32.016666666666666,0.0
2021-07-06,2021-07-06 00:00:00-06:00,10.0,15.0,0,,
2021-07-07,2021-07-07 00:00:00-06:00,10.0,15.0,0,,
2021-07-08,2021-07-08 00:00:00-06:00,10.0,15.0,0,,
2021-07-09,2021-07-09 00:00:00-06:00,10.0,15.0,0,,
2021-07-10,2021-07-10 00:00:00-06:00,10.0,15.0,0,,
2021-07-11,2021-07-11 00:00:00-06:00,10.144444444444444,15.216666666666665,0,,
2021-07-12,2021-07-12 00:00:00-06:00,12.996222222222222,19.494333333333334,0,,
2021-07-13,2021-07-13 00:00:00-06:00,10.0,15.0,0,,
2021-07-14,2021-07-14 00:00:00-06:00,10.0,15.0,2,28.008333333333333,26.008333333333336
2021-07-15,2021-07-15 00:00:00-06:00,10.0,15.0,0,,
2021-07-16,2021-07-16 00:00:00-06:00,10.0,15.0,0,,
2021-07-17,2021-07-17 00:00:00-06:00,10.0,15.0,0,,
2021-07-18,2021-07-18 00:00:00-06:00,10.0,15.0,0,,
2021-07-19,2021-07-19 00:00:00-06:00,10.0,15.0,0,,
2021-07-20,2021-07-20 00:00:00-06:00,10.0,15.0,0,,
2021-07-21,2021-07-21 00:00:00-06:00,10.0,15.0,0,,
2021-07-22,2021-07-22 00:00:00-06:00,10.0,15.0,0,,
2021-07-23,2021-07-23 00:00:00-06:00,10.0,15.0,0,,
2021-07-24,2021-07-24 00:00:00-06:00,10.59,15.885,0,,
2021-07-25,2021-07-25 00:00:00-06:00,10.37188888888889,15.557833333333335,1,14.0,0.0
2021-07-26,2021-07-26 00:00:00-06:00,10.0,15.0,0,,
2021-07-27,2021-07-27 00:00:00-06:00,10.0,15.0,0,,
2021-07-28,2021-07-28 00:00:00-06:00,10.0,15.0,0,,
2021-07-29,2021-07-29 00:00:00-06:00,10.0,15.0,0,,
2021-07-30,2021-07-30 00:00:00-06:00,10.0,15.0,0,,
2021-07-31,2021-07-31 00:00:00-06:00,10.0,15.0,0,,
2021-08-01,2021-08-01 00:00:00-06:00,10.0,15.0,0,,
2021-08-02,2021-08-02 00:00:00-06:00,10.0,15.0,0,,
2021-08-03,2021-08-03 00:00:00-06:00,10.0,15.0,0,,
2021-08-04,2021-08-04 00:00:00-06:00,10.0,15.0,0,,
2021-08-05,2021-08-05 00:00:00-06:00,10.0,15.0,0,,
2021-08-06,2021-08-06 00:00:00-06:00,10.0,15.0,1,392.0833333333333,0.0
2021-08-07,2021-08-07 00:00:00-06:00,10.0,15.0,0,,
2021-08-08,2021-08-08 00:00:00-06:00,10.0,15.0,0,,
2021-08-09,2021-08-09 00:00:00-06:00,10.0,15.0,0,,
2021-08-10,2021-08-10 00:00:00-06:00,10.0,15.0,0,,
2021-08-11,2021-08-11 00:00:00-06:00,12.510666666666667,18.766000000000002,0,,
2021-08-12,2021-08-12 00:00:00-06:00,11.016222222222222,16.52433333333333,0,,
2021-08-13,2021-08-13 00:00:00-06:00,10.0,15.0,0,,
2021-08-14,2021-08-14 00:00:00-06:00,10.0,15.0,11,2.0166666666666666,7.008333333333333
2021-08-15,2021-08-15 00:00:00-06:00,12.223555555555555,18.33533333333333,10,3.0,7.5
2021-08-16,2021-08-16 00:00:00-06:00,24.606666666666662,36.91,0,,
2021-08-17,2021-08-17 00:00:00-06:00,10.0,15.0,0,,
2021-08-18,2021-08-18 00:00:00-06:00,10.922222222222222,16.383333333333333,4,11.0,157.525
2021-08-19,2021-08-19 00:00:00-06:00,52.28099999999999,78.42149999999998,0,,
2021-08-20,2021-08-20 00:00:00-06:00,44.89355555555556,67.34033333333333,1,72.0,0.0
2021-08-21,2021-08-21 00:00:00-06:00,72.157,108.2355,0,,
2021-08-22,2021-08-22 00:00:00-06:00,17.29088888888889,25.936333333333337,0,,
2021-08-23,2021-08-23 00:00:00-06:00,12.01088888888889,18.016333333333336,2,37.00833333333333,35.00833333333334
2021-08-24,2021-08-24 00:00:00-06:00,11.448666666666668,17.173000000000002,0,,
2021-08-25,2021-08-25 00:00:00-06:00,11.496666666666668,17.245,3,4.0,77.01666666666667
2021-08-26,2021-08-26 00:00:00-06:00,18.368333333333336,27.552500000000002,0,,
2021-08-27,2021-08-27 00:00:00-06:00,15.791123595505619,23.68668539325843,1,718.1333333333333,0.0
2021-08-28,2021-08-28 00:00:00-06:00,82.18877777777779,123.28316666666669,0,,
2021-08-29,2021-08-29 00:00:00-06:00,61.821666666666665,92.7325,1,38.016666666666666,0.0
2021-08-30,2021-08-30 00:00:00-06:00,17.560333333333332,26.3405,9,4.0,7.983333333333333
2021-08-31,2021-08-31 00:00:00-06:00,12.766111111111108,19.149166666666662,1,4.0,0.0
2021-09-01,2021-09-01 00:00:00-06:00,10.0,15.0,3,18.0,135.025
2021-09-02,2021-09-02 00:00:00-06:00,23.15277777777778,34.72916666666667,1,652.1166666666667,0.0
2021-09-03,2021-09-03 00:00:00-06:00,23.247888888888895,34.87183333333334,0,,
2021-09-04,2021-09-04 00:00:00-06:00,26.43011111111111,39.64516666666667,0,,
2021-09-05,2021-09-05 00:00:00-06:00,26.569222222222226,39.85383333333334,2,125.01666666666667,123.01666666666668
2021-09-06,2021-09-06 00:00:00-06:00,55.090555555555554,82.63583333333332,0,,
2021-09-07,2021-09-07 00:00:00-06:00,23.87722222222222,35.81583333333333,0,,
2021-09-08,2021-09-08 00:00:00-06:00,13.248999999999999,19.8735,0,,
2021-09-09,2021-09-09 00:00:00-06:00,10.0,15.0,0,,
2021-09-10,2021-09-10 00:00:00-06:00,10.0,15.0,0,,
2021-09-11,2021-09-11 00:00:00-06:00,10.0,15.0,0,,
2021-09-12,2021-09-12 00:00:00-06:00,10.0,15.0,3,2.033333333333333,1.0
2021-09-13,2021-09-13 00:00:00-06:00,11.399777777777778,17.099666666666668,1,4.0,0.0
2021-09-14,2021-09-14 00:00:00-06:00,10.0,15.0,13,4.0,4.016666666666667
2021-09-15,2021-09-15 00:00:00-06:00,24.49233333333333,36.738499999999995,0,,
2021-09-16,2021-09-16 00:00:00-06:00,18.578444444444443,27.867666666666665,0,,
2021-09-17,2021-09-17 00:00:00-06:00,10.0,15.0,10,5.0,93.525
2021-09-18,2021-09-18 00:00:00-06:00,16.435444444444446,24.65316666666667,0,,
2021-09-19,2021-09-19 00:00:00-06:00,10.0,15.0,0,,
2021-09-20,2021-09-20 00:00:00-06:00,10.0,15.0,0,,
2021-09-21,2021-09-21 00:00:00-06:00,10.0,15.0,6,7.916666666666666,3.1083333333333343
2021-09-22,2021-09-22 00:00:00-06:00,15.432666666666668,23.149,0,,
2021-09-23,2021-09-23 00:00:00-06:00,10.0,15.0,4,7.0,30.504166666666663
2021-09-24,2021-09-24 00:00:00-06:00,10.777888888888889,16.166833333333333,3,6.0,5.0
2021-09-25,2021-09-25 00:00:00-06:00,11.687222222222221,17.530833333333334,0,,
2021-09-26,2021-09-26 00:00:00-06:00,10.0,15.0,0,,
2021-09-27,2021-09-27 00:00:00-06:00,10.0,15.0,0,,
2021-09-28,2021-09-28 00:00:00-06:00,10.0,15.0,0,,
2021-09-29,2021-09-29 00:00:00-06:00,10.0,15.0,0,,
2021-09-30,2021-09-30 00:00:00-06:00,10.0,15.0,0,,
2021-10-01,2021-10-01 00:00:00-06:00,10.0,15.0,0,,
2021-10-02,2021-10-02 00:00:00-06:00,10.0,15.0,0,,
2021-10-03,2021-10-03 00:00:00-06:00,10.0,15.0,7,4.066666666666666,6.991666666666667
2021-10-04,2021-10-04 00:00:00-06:00,10.0,15.0,1,6.016666666666667,0.0
2021-10-05,2021-10-05 00:00:00-06:00,10.0,15.0,0,,
2021-10-06,2021-10-06 00:00:00-06:00,10.0,15.0,0,,
2021-10-07,2021-10-07 00:00:00-06:00,10.0,15.0,0,,
2021-10-08,2021-10-08 00:00:00-06:00,10.0,15.0,0,,
2021-10-09,2021-10-09 00:00:00-06:00,10.0,15.0,0,,
2021-10-10,2021-10-10 00:00:00-06:00,10.0,15.0,0,,
2021-10-11,2021-10-11 00:00:00-06:00,10.0,15.0,0,,
2021-10-12,2021-10-12 00:00:00-06:00,10.0,15.0,0,,
2021-10-13,2021-10-13 00:00:00-06:00,10.0,15.0,0,,
2021-10-14,2021-10-14 00:00:00-06:00,10.0,15.0,0,,
2021-10-15,2021-10-15 00:00:00-06:00,10.0,15.0,4,2.0083333333333333,2.5125
2021-10-16,2021-10-16 00:00:00-06:00,10.0,15.0,0,,
2021-10-17,2021-10-17 00:00:00-06:00,10.0,15.0,0,,
2021-10-18,2021-10-18 00:00:00-06:00,10.0,15.0,0,,
2021-10-19,2021-10-19 00:00:00-06:00,10.0,15.0,0,,
2021-10-20,2021-10-20 00:00:00-06:00,10.0,15.0,2,4.991666666666667,2.9916666666666663
2021-10-21,2021-10-21 00:00:00-06:00,10.0,15.0,0,,
2021-10-22,2021-10-22 00:00:00-06:00,10.0,15.0,0,,
2021-10-23,2021-10-23 00:00:00-06:00,10.0,15.0,2,7.0,1.0
2021-10-24,2021-10-24 00:00:00-06:00,10.0,15.0,2,5.0,3.0
2021-10-25,2021-10-25 00:00:00-06:00,10.0,15.0,0,,
2021-10-26,2021-10-26 00:00:00-06:00,10.0,15.0,0,,
2021-10-27,2021-10-27 00:00:00-06:00,10.0,15.0,1,12.0,0.0
2021-10-28,2021-10-28 00:00:00-06:00,10.0,15.0,0,,
2021-10-29,2021-10-29 00:00:00-06:00,10.0,15.0,1,24.0,0.0
2021-10-30,2021-10-30 00:00:00-06:00,10.0,15.0,1,4.0,0.0
2021-10-31,2021-10-31 00:00:00-06:00,10.0,15.0,0,,
2021-11-01,2021-11-01 00:00:00-06:00,10.0,15.0,1,6.0,0.0
2021-11-02,2021-11-02 00:00:00-06:00,10.0,15.0,0,,
2021-11-03,2021-11-03 00:00:00-06:00,10.0,15.0,0,,
2021-11-04,2021-11-04 00:00:00-06:00,10.0,15.0,2,15.0,5.0
2021-11-05,2021-11-05 00:00:00-06:00,10.0,15.0,1,17.933333333333334,0.0
2021-11-06,2021-11-06 00:00:00-06:00,10.0,15.0,3,8.016666666666667,6.999999999999999
2021-11-07,2021-11-07 00:00:00-06:00,10.0,15.0,4,4.0,9.5
2021-11-08,2021-11-08 00:00:00-07:00,10.0,15.0,5,2.0,0.0
2021-11-09,2021-11-09 00:00:00-07:00,10.0,15.0,2,8.0,2.0
2021-11-10,2021-11-10 00:00:00-07:00,10.0,15.0,5,4.0,6.0
2021-11-11,2021-11-11 00:00:00-07:00,10.0,15.0,0,,
2021-11-12,2021-11-12 00:00:00-07:00,10.0,15.0,10,5.0,11.0
2021-11-13,2021-11-13 00:00:00-07:00,16.310333333333332,24.4655,14,3.0,4.0125
2021-11-14,2021-11-14 00:00:00-07:00,16.748444444444445,25.122666666666667,35,4.0,7.083333333333333
2021-11-15,2021-11-15 00:00:00-07:00,26.63355555555556,39.95033333333334,7,4.0,5.0
2021-11-16,2021-11-16 00:00:00-07:00,31.520333333333337,47.2805,4,6.0,0.0
2021-11-17,2021-11-17 00:00:00-07:00,10.0,15.0,9,4.0,10.0
2021-11-18,2021-11-18 00:00:00-07:00,18.389555555555557,27.584333333333333,5,18.0,24.0
2021-11-19,2021-11-19 00:00:00-07:00,42.69288888888889,64.03933333333333,1,2.0,0.0
2021-11-20,2021-11-20 00:00:00-07:00,13.51788888888889,20.276833333333336,4,3.0,6.5
2021-11-21,2021-11-21 00:00:00-07:00,10.0,15.0,3,4.0,4.0
2021-11-22,2021-11-22 00:00:00-07:00,10.0,15.0,4,17.008333333333333,7.512499999999999
2021-11-23,2021-11-23 00:00:00-07:00,10.0,15.0,10,4.0,6.4375
2021-11-24,2021-11-24 00:00:00-07:00,10.0,15.0,10,3.0,6.995833333333334
2021-11-25,2021-11-25 00:00:00-07:00,10.0,15.0,25,2.0,2.0166666666666666
2021-11-26,2021-11-26 00:00:00-07:00,16.066,24.098999999999997,2,9.0,3.0
2021-11-27,2021-11-27 00:00:00-07:00,10.800333333333334,16.2005,21,2.0,6.0
2021-11-28,2021-11-28 00:00:00-07:00,15.249555555555556,22.874333333333333,12,7.0,18.0
2021-11-29,2021-11-29 00:00:00-07:00,29.281222222222215,43.921833333333325,4,10.0,2.5
2021-11-30,2021-11-30 00:00:00-07:00,23.023999999999997,34.535999999999994,4,5.0,3.5
2021-12-01,2021-12-01 00:00:00-07:00,15.492555555555555,23.238833333333332,11,4.0,3.0
2021-12-02,2021-12-02 00:00:00-07:00,16.84633333333333,25.269499999999994,16,4.0,7.0
2021-12-03,2021-12-03 00:00:00-07:00,28.876,43.314,5,12.0,11.983333333333333
2021-12-04,2021-12-04 00:00:00-07:00,20.615222222222222,30.922833333333333,0,,
2021-12-05,2021-12-05 00:00:00-07:00,14.486444444444444,21.729666666666667,25,6.0,12.0
2021-12-06,2021-12-06 00:00:00-07:00,24.29366666666667,36.44050000000001,19,4.0,24.083333333333336
2021-12-07,2021-12-07 00:00:00-07:00,46.93555555555555,70.40333333333334,1,2.0,0.0
2021-12-08,2021-12-08 00:00:00-07:00,21.156333333333336,31.734500000000004,6,4.0,6.0
2021-12-09,2021-12-09 00:00:00-07:00,10.0,15.0,7,4.0,7.008333333333333
2021-12-10,2021-12-10 00:00:00-07:00,10.0,15.0,9,6.0,6.0
2021-12-11,2021-12-11 00:00:00-07:00,10.0,15.0,8,6.0,11.4875
2021-12-12,2021-12-12 00:00:00-07:00,10.320555555555556,15.480833333333333,8,7.0,10.0
2021-12-13,2021-12-13 00:00:00-07:00,10.0,15.0,1,6.0,0.0
2021-12-14,2021-12-14 00:00:00-07:00,10.0,15.0,0,,
2021-12-15,2021-12-15 00:00:00-07:00,10.0,15.0,1,2.0,0.0
2021-12-16,2021-12-16 00:00:00-07:00,10.0,15.0,4,5.0,9.0
2021-12-17,2021-12-17 00:00:00-07:00,10.0,15.0,4,2.0,4.0
2021-12-18,2021-12-18 00:00:00-07:00,13.899333333333331,20.848999999999997,26,6.0,13.0
2021-12-19,2021-12-19 00:00:00-07:00,26.17633333333333,39.26449999999999,26,3.0,10.0
2021-12-20,2021-12-20 00:00:00-07:00,45.12788888888888,67.69183333333332,1,2.0,0.0
2021-12-21,2021-12-21 00:00:00-07:00,31.281555555555546,46.92233333333332,18,4.0,5.0
2021-12-22,2021-12-22 00:00:00-07:00,15.069888888888888,22.604833333333332,7,2.0,3.0
2021-12-23,2021-12-23 00:00:00-07:00,34.31333333333333,51.47,1,2.0,0.0
2021-12-24,2021-12-24 00:00:00-07:00,10.0,15.0,10,5.0,2.0
2021-12-25,2021-12-25 00:00:00-07:00,15.890555555555556,23.835833333333333,5,2.0,0.0
2021-12-26,2021-12-26 00:00:00-07:00,10.0,15.0,4,5.008333333333333,3.9875
2021-12-27,2021-12-27 00:00:00-07:00,10.0,15.0,5,4.0,2.0166666666666666
2021-12-28,2021-12-28 00:00:00-07:00,10.0,15.0,8,2.0,4.0
2021-12-29,2021-12-29 00:00:00-07:00,13.66422222222222,20.49633333333333,7,3.9833333333333334,2.0
2021-12-30,2021-12-30 00:00:00-07:00,10.0,15.0,2,6.0,0.0
2021-12-31,2021-12-31 00:00:00-07:00,14.598333333333333,21.8975,9,6.0,10.0
2022-01-01,2022-01-01 00:00:00-07:00,10.0,15.0,7,10.0,9.008333333333333
2022-01-02,2022-01-02 00:00:00-07:00,10.0,15.0,19,6.0,13.025
2022-01-03,2022-01-03 00:00:00-07:00,13.906999999999996,20.860499999999995,3,4.0,0.0
2022-01-04,2022-01-04 00:00:00-07:00,10.0,15.0,5,6.0,2.0
2022-01-05,2022-01-05 00:00:00-07:00,13.046888888888887,19.57033333333333,11,6.0,12.008333333333333
2022-01-06,2022-01-06 00:00:00-07:00,16.36422222222222,24.54633333333333,25,2.0,2.0
2022-01-07,2022-01-07 00:00:00-07:00,10.0,15.0,8,4.0,4.0
2022-01-08,2022-01-08 00:00:00-07:00,10.0,15.0,14,6.0,5.5
2022-01-09,2022-01-09 00:00:00-07:00,10.0,15.0,13,12.0,16.0
2022-01-10,2022-01-10 00:00:00-07:00,10.789444444444445,16.18416666666667,7,4.0,4.0
2022-01-11,2022-01-11 00:00:00-07:00,10.0,15.0,5,10.0,6.0166666666666675
2022-01-12,2022-01-12 00:00:00-07:00,10.0,15.0,3,326.18333333333334,252.04166666666666
2022-01-13,2022-01-13 00:00:00-07:00,21.964777777777776,32.94716666666666,5,4.0,21.983333333333334
2022-01-14,2022-01-14 00:00:00-07:00,10.0,15.0,21,4.0,6.0
2022-01-15,2022-01-15 00:00:00-07:00,21.76966666666667,32.654500000000006,11,4.0,6.0
2022-01-16,2022-01-16 00:00:00-07:00,14.844111111111111,22.266166666666667,11,12.0,11.0
2022-01-17,2022-01-17 00:00:00-07:00,20.75,31.125,4,4.0,13.5
2022-01-18,2022-01-18 00:00:00-07:00,10.142777777777779,15.214166666666667,26,2.0,2.0
2022-01-19,2022-01-19 00:00:00-07:00,10.812921348314607,16.219382022471912,8,2.0,2.0
2022-01-20,2022-01-20 00:00:00-07:00,10.0,15.0,25,4.0,16.0
2022-01-21,2022-01-21 00:00:00-07:00,28.907555555555554,43.361333333333334,1,16.0,0.0
2022-01-22,2022-01-22 00:00:00-07:00,10.0,15.0,2,10.0,8.0
2022-01-23,2022-01-23 00:00:00-07:00,12.662333333333335,18.9935,19,4.0,8.0
2022-01-24,2022-01-24 00:00:00-07:00,11.740444444444446,17.610666666666667,26,2.0,4.0
2022-01-25,2022-01-25 00:00:00-07:00,13.89677777777778,20.84516666666667,9,6.0,4.0
2022-01-26,2022-01-26 00:00:00-07:00,10.0,15.0,6,21.008333333333333,64.51666666666667
2022-01-27,2022-01-27 00:00:00-07:00,19.256333333333334,28.884500000000003,5,4.0,10.0
2022-01-28,2022-01-28 00:00:00-07:00,10.0,15.0,18,3.0,3.5
2022-01-29,2022-01-29 00:00:00-07:00,11.671777777777775,17.507666666666662,12,3.9916666666666667,4.5125
2022-01-30,2022-01-30 00:00:00-07:00,10.0,15.0,38,4.0,4.0
2022-01-31,2022-01-31 00:00:00-07:00,12.974444444444442,19.461666666666662,8,10.0,5.0
2022-02-01,2022-02-01 00:00:00-07:00,12.72488888888889,19.087333333333333,5,6.0,4.016666666666667
2022-02-02,2022-02-02 00:00:00-07:00,10.0,15.0,6,3.0,2.0
2022-02-03,2022-02-03 00:00:00-07:00,10.0,15.0,5,10.083333333333334,6.0
2022-02-04,2022-02-04 00:00:00-07:00,10.0,15.0,4,6.0,156.52916666666667
2022-02-05,2022-02-05 00:00:00-07:00,27.73677777777778,41.605166666666676,3,4.0,2.0
2022-02-06,2022-02-06 00:00:00-07:00,14.106888888888893,21.16033333333334,7,6.0,3.008333333333333
2022-02-07,2022-02-07 00:00:00-07:00,10.0,15.0,8,3.0,6.5
2022-02-08,2022-02-08 00:00:00-07:00,18.283666666666665,27.4255,1,6.0,0.0
2022-02-09,2022-02-09 00:00:00-07:00,10.0,15.0,6,4.0,1.5
2022-02-10,2022-02-10 00:00:00-07:00,14.000888888888888,21.00133333333333,2,7.008333333333334,3.0083333333333346
2022-02-11,2022-02-11 00:00:00-07:00,10.0,15.0,16,4.0,6.0
2022-02-12,2022-02-12 00:00:00-07:00,11.875333333333334,17.813000000000002,30,6.0,9.5
2022-02-13,2022-02-13 00:00:00-07:00,14.552222222222223,21.828333333333333,5,4.0,2.0
2022-02-14,2022-02-14 00:00:00-07:00,15.891666666666667,23.837500000000002,3,2.0,0.0
2022-02-15,2022-02-15 00:00:00-07:00,10.0,15.0,2,5.025,0.9916666666666663
2022-02-16,2022-02-16 00:00:00-07:00,10.0,15.0,0,,
2022-02-17,2022-02-17 00:00:00-07:00,10.0,15.0,0,,
2022-02-18,2022-02-18 00:00:00-07:00,10.0,15.0,7,4.0,5.0
2022-02-19,2022-02-19 00:00:00-07:00,10.0,15.0,8,4.0,12.5
2022-02-20,2022-02-20 00:00:00-07:00,15.240777777777776,22.861166666666662,1,18.0,0.0
2022-02-21,2022-02-21 00:00:00-07:00,10.0,15.0,1,2.0,0.0
2022-02-22,2022-02-22 00:00:00-07:00,10.0,15.0,9,6.0,4.0
2022-02-23,2022-02-23 00:00:00-07:00,10.0,15.0,9,2.0,2.0
2022-02-24,2022-02-24 00:00:00-07:00,10.0,15.0,5,6.0,6.0
2022-02-25,2022-02-25 00:00:00-07:00,10.0,15.0,5,2.0,8.0
2022-02-26,2022-02-26 00:00:00-07:00,10.0,15.0,6,6.0,40.5125
2022-02-27,2022-02-27 00:00:00-07:00,12.81744444444444,19.22616666666666,4,5.008333333333333,6.5249999999999995
2022-02-28,2022-02-28 00:00:00-07:00,10.0,15.0,0,,
2022-03-01,2022-03-01 00:00:00-07:00,10.0,15.0,0,,
2022-03-02,2022-03-02 00:00:00-07:00,10.0,15.0,3,2.0,2.0
2022-03-03,2022-03-03 00:00:00-07:00,10.0,15.0,12,2.0,17.004166666666666
2022-03-04,2022-03-04 00:00:00-07:00,15.878555555555554,23.817833333333333,0,,
2022-03-05,2022-03-05 00:00:00-07:00,10.0,15.0,4,3.0,2.5
2022-03-06,2022-03-06 00:00:00-07:00,10.0,15.0,3,2.0,8.008333333333333
2022-03-07,2022-03-07 00:00:00-07:00,10.0,15.0,2,6.0,4.0
2022-03-08,2022-03-08 00:00:00-07:00,14.922111111111109,22.383166666666664,2,21.0,11.0
2022-03-09,2022-03-09 00:00:00-07:00,10.0,15.0,2,17.008333333333333,7.008333333333333
2022-03-10,2022-03-10 00:00:00-07:00,10.0,15.0,1,4.0,0.0
2022-03-11,2022-03-11 00:00:00-07:00,10.0,15.0,3,2.0,11.0
2022-03-12,2022-03-12 00:00:00-07:00,10.0,15.0,4,5.0,2.5041666666666664
2022-03-13,2022-03-13 00:00:00-07:00,10.0,15.0,0,,
2022-03-14,2022-03-14 00:00:00-06:00,10.0,15.0,0,,
2022-03-15,2022-03-15 00:00:00-06:00,10.0,15.0,1,2.0,0.0
2022-03-16,2022-03-16 00:00:00-06:00,10.0,15.0,1,12.0,0.0
2022-03-17,2022-03-17 00:00:00-06:00,10.0,15.0,4,2.0,0.0
2022-03-18,2022-03-18 00:00:00-06:00,10.0,15.0,1,8.0,0.0
2022-03-19,2022-03-19 00:00:00-06:00,10.0,15.0,0,,
2022-03-20,2022-03-20 00:00:00-06:00,10.0,15.0,0,,
2022-03-21,2022-03-21 00:00:00-06:00,10.0,15.0,0,,
2022-03-22,2022-03-22 00:00:00-06:00,10.0,15.0,0,,
2022-03-23,2022-03-23 00:00:00-06:00,10.0,15.0,0,,
2022-03-24,2022-03-24 00:00:00-06:00,10.0,15.0,0,,
2022-03-25,2022-03-25 00:00:00-06:00,10.0,15.0,0,,
2022-03-26,2022-03-26 00:00:00-06:00,10.0,15.0,0,,
2022-03-27,2022-03-27 00:00:00-06:00,10.0,15.0,1,2.0,0.0
2022-03-28,2022-03-28 00:00:00-06:00,10.0,15.0,3,6.0,5.0
2022-03-29,2022-03-29 00:00:00-06:00,10.0,15.0,0,,
2022-03-30,2022-03-30 00:00:00-06:00,10.0,15.0,1,2.0,0.0
2022-03-31,2022-03-31 00:00:00-06:00,10.0,15.0,0,,
2022-04-01,2022-04-01 00:00:00-06:00,10.0,15.0,0,,
2022-04-02,2022-04-02 00:00:00-06:00,10.0,15.0,0,,
2022-04-03,2022-04-03 00:00:00-06:00,10.0,15.0,0,,
2022-04-04,2022-04-04 00:00:00-06:00,10.0,15.0,0,,
2022-04-05,2022-04-05 00:00:00-06:00,10.0,15.0,0,,
2022-04-06,2022-04-06 00:00:00-06:00,10.0,15.0,0,,
2022-04-07,2022-04-07 00:00:00-06:00,10.0,15.0,1,2.0,0.0
2022-04-08,2022-04-08 00:00:00-06:00,10.0,15.0,0,,
2022-04-09,2022-04-09 00:00:00-06:00,10.0,15.0,0,,
2022-04-10,2022-04-10 00:00:00-06:00,10.0,15.0,0,,
2022-04-11,2022-04-11 00:00:00-06:00,10.0,15.0,0,,
2022-04-12,2022-04-12 00:00:00-06:00,10.0,15.0,0,,
2022-04-13,2022-04-13 00:00:00-06:00,10.0,15.0,0,,
2022-04-14,2022-04-14 00:00:00-06:00,10.0,15.0,0,,
2022-04-15,2022-04-15 00:00:00-06:00,10.0,15.0,0,,
2022-04-16,2022-04-16 00:00:00-06:00,10.0,15.0,0,,
2022-04-17,2022-04-17 00:00:00-06:00,10.0,15.0,1,8.0,0.0
2022-04-18,2022-04-18 00:00:00-06:00,10.0,15.0,0,,
2022-04-19,2022-04-19 00:00:00-06:00,10.0,15.0,0,,
2022-04-20,2022-04-20 00:00:00-06:00,10.0,15.0,2,4.0,2.0
2022-04-21,2022-04-21 00:00:00-06:00,10.0,15.0,0,,
2022-04-22,2022-04-22 00:00:00-06:00,10.0,15.0,0,,
2022-04-23,2022-04-23 00:00:00-06:00,10.0,15.0,0,,
2022-04-24,2022-04-24 00:00:00-06:00,10.0,15.0,0,,
2022-04-25,2022-04-25 00:00:00-06:00,10.0,15.0,9,12.0,16.016666666666666
2022-04-26,2022-04-26 00:00:00-06:00,19.677888888888887,29.51683333333333,0,,
2022-04-27,2022-04-27 00:00:00-06:00,10.0,15.0,0,,
2022-04-28,2022-04-28 00:00:00-06:00,10.0,15.0,0,,
2022-04-29,2022-04-29 00:00:00-06:00,10.0,15.0,0,,
2022-04-30,2022-04-30 00:00:00-06:00,10.0,15.0,0,,
2022-05-01,2022-05-01 00:00:00-06:00,10.0,15.0,0,,
2022-05-02,2022-05-02 00:00:00-06:00,10.0,15.0,0,,
2022-05-03,2022-05-03 00:00:00-06:00,10.0,15.0,0,,
2022-05-04,2022-05-04 00:00:00-06:00,10.0,15.0,0,,
2022-05-05,2022-05-05 00:00:00-06:00,10.0,15.0,0,,
2022-05-06,2022-05-06 00:00:00-06:00,10.0,15.0,0,,
2022-05-07,2022-05-07 00:00:00-06:00,10.0,15.0,0,,
2022-05-08,2022-05-08 00:00:00-06:00,10.0,15.0,0,,
2022-05-09,2022-05-09 00:00:00-06:00,10.0,15.0,0,,
2022-05-10,2022-05-10 00:00:00-06:00,10.0,15.0,0,,
2022-05-11,2022-05-11 00:00:00-06:00,10.0,15.0,0,,
2022-05-12,2022-05-12 00:00:00-06:00,10.0,15.0,0,,
2022-05-13,2022-05-13 00:00:00-06:00,10.0,15.0,0,,
2022-05-14,2022-05-14 00:00:00-06:00,10.0,15.0,0,,
2022-05-15,2022-05-15 00:00:00-06:00,10.0,15.0,0,,
2022-05-16,2022-05-16 00:00:00-06:00,10.0,15.0,1,4.0,0.0
2022-05-17,2022-05-17 00:00:00-06:00,10.0,15.0,0,,
2022-05-18,2022-05-18 00:00:00-06:00,10.0,15.0,0,,
2022-05-19,2022-05-19 00:00:00-06:00,10.0,15.0,0,,
2022-05-20,2022-05-20 00:00:00-06:00,10.0,15.0,0,,
2022-05-21,2022-05-21 00:00:00-06:00,10.0,15.0,6,3.0,6.512500000000001
2022-05-22,2022-05-22 00:00:00-06:00,10.0,15.0,0,,
2022-05-23,2022-05-23 00:00:00-06:00,10.0,15.0,0,,
2022-05-24,2022-05-24 00:00:00-06:00,10.0,15.0,0,,
2022-05-25,2022-05-25 00:00:00-06:00,10.0,15.0,0,,
2022-05-26,2022-05-26 00:00:00-06:00,10.0,15.0,0,,
2022-05-27,2022-05-27 00:00:00-06:00,10.0,15.0,0,,
2022-05-28,2022-05-28 00:00:00-06:00,10.0,15.0,0,,
2022-05-29,2022-05-29 00:00:00-06:00,10.0,15.0,0,,
2022-05-30,2022-05-30 00:00:00-06:00,10.0,15.0,0,,
2022-05-31,2022-05-31 00:00:00-06:00,10.0,15.0,0,,
2022-06-01,2022-06-01 00:00:00-06:00,10.0,15.0,1,4.0,0.0
2022-06-02,2022-06-02 00:00:00-06:00,10.0,15.0,0,,
2022-06-03,2022-06-03 00:00:00-06:00,10.0,15.0,0,,
2022-06-04,2022-06-04 00:00:00-06:00,10.0,15.0,0,,
2022-06-05,2022-06-05 00:00:00-06:00,10.0,15.0,0,,
2022-06-06,2022-06-06 00:00:00-06:00,10.0,15.0,0,,
2022-06-07,2022-06-07 00:00:00-06:00,10.0,15.0,0,,
2022-06-08,2022-06-08 00:00:00-06:00,10.0,15.0,0,,
2022-06-09,2022-06-09 00:00:00-06:00,10.0,15.0,0,,
2022-06-10,2022-06-10 00:00:00-06:00,10.0,15.0,0,,
2022-06-11,2022-06-11 00:00:00-06:00,10.0,15.0,0,,
2022-06-12,2022-06-12 00:00:00-06:00,10.0,15.0,0,,
2022-06-13,2022-06-13 00:00:00-06:00,10.0,15.0,0,,
2022-06-14,2022-06-14 00:00:00-06:00,10.0,15.0,5,2.0,4.0
2022-06-15,2022-06-15 00:00:00-06:00,11.90633333333333,17.859499999999997,0,,
2022-06-16,2022-06-16 00:00:00-06:00,10.0,15.0,0,,
2022-06-17,2022-06-17 00:00:00-06:00,10.0,15.0,0,,
2022-06-18,2022-06-18 00:00:00-06:00,10.0,15.0,1,2.0,0.0
2022-06-19,2022-06-19 00:00:00-06:00,10.0,15.0,0,,
2022-06-20,2022-06-20 00:00:00-06:00,10.0,15.0,0,,
2022-06-21,2022-06-21 00:00:00-06:00,10.0,15.0,1,4.016666666666667,0.0
2022-06-22,2022-06-22 00:00:00-06:00,10.0,15.0,0,,
2022-06-23,2022-06-23 00:00:00-06:00,10.0,15.0,0,,
2022-06-24,2022-06-24 00:00:00-06:00,10.0,15.0,0,,
2022-06-25,2022-06-25 00:00:00-06:00,10.0,15.0,0,,
2022-06-26,2022-06-26 00:00:00-06:00,10.0,15.0,0,,
2022-06-27,2022-06-27 00:00:00-06:00,10.0,15.0,0,,
2022-06-28,2022-06-28 00:00:00-06:00,10.0,15.0,0,,
2022-06-29,2022-06-29 00:00:00-06:00,10.0,15.0,0,,
2022-06-30,2022-06-30 00:00:00-06:00,10.0,15.0,0,,
2022-07-01,2022-07-01 00:00:00-06:00,10.0,15.0,0,,
